<?xml version="1.0" encoding="UTF-8"?>
<!-- Validación del XML-->
 <!DOCTYPE catalogo [
    <!ELEMENT catalogo (vendedores,productos,clientes,direcciones)>
    <!ELEMENT vendedores (vendedor+)>
    <!ELEMENT vendedor (idvendedor,nombre,departamento)>
    <!ELEMENT idvendedor (#PCDATA)>
    <!ELEMENT nombre (#PCDATA)>
    <!ELEMENT departamento (#PCDATA)>
    <!ELEMENT productos (producto+)>
    <!ELEMENT producto (idproducto,descripcion,coste,precio,categoria,marca)>
    <!ATTLIST producto descuento CDATA #IMPLIED>
    <!ELEMENT idproducto (#PCDATA)>
    <!ELEMENT descripcion (#PCDATA)>
    <!ELEMENT coste (#PCDATA)>
    <!ELEMENT precio (#PCDATA)>
    <!ELEMENT categoria (#PCDATA)>
    <!ELEMENT marca (#PCDATA)>
    <!ELEMENT clientes (cliente+)>
    <!ELEMENT cliente (idcliente,nombrecliente,telefono,productoid)>
    <!ELEMENT idcliente (#PCDATA)>
    <!ELEMENT nombrecliente (#PCDATA)>
    <!ELEMENT telefono (#PCDATA)>
    <!ELEMENT productoid (#PCDATA)>
    <!ELEMENT direcciones (clientedireccion+)>
    <!ELEMENT clientedireccion (calle,ciudad,cpostal,clienteid)>
    <!ATTLIST clientedireccion orden CDATA #REQUIRED>
    <!ELEMENT calle (#PCDATA)>
    <!ELEMENT ciudad (#PCDATA)>
    <!ELEMENT cpostal (#PCDATA)>
    <!ELEMENT clienteid (#PCDATA)>
 ]>
<catalogo>
    <!-- Crear etiqueta de apertura-->
    <vendedores>
        <vendedor>
            <idvendedor>V01</idvendedor>
            <nombre>Julia Marrero</nombre>
            <departamento>Marketing</departamento>
        </vendedor>
        <vendedor>
            <idvendedor>V02</idvendedor>
            <nombre>José Ramos</nombre>
            <departamento>Marketing</departamento>
        </vendedor>
    </vendedores>
    <productos>
        <producto descuento="15">
            <idproducto>P001</idproducto>
            <descripcion>Disco duro SSD 1TB</descripcion>
            <coste>50</coste>
            <precio>80</precio>
            <categoria>almacenamiento</categoria>
            <marca>seagate</marca>
        </producto>
        <producto>
            <idproducto>P002</idproducto>
            <descripcion>Licencia Microsoft Office 365</descripcion>
            <coste>30</coste>
            <precio>60</precio>
            <categoria>software</categoria>
            <marca>Microsoft</marca>
        </producto>
        <producto descuento="12">
            <idproducto>P003</idproducto>
            <descripcion>Calc</descripcion>
            <coste>45</coste>
            <precio>75</precio>
            <categoria>software</categoria>
            <marca>Microsoft</marca>
        </producto>
    </productos>
    <clientes>
        <cliente>
            <idcliente>C01</idcliente>
            <nombrecliente>José Rojas</nombrecliente>
            <telefono>612345678</telefono>
            <productoid>P001</productoid>
        </cliente>
        <cliente>
            <idcliente>C02</idcliente>
            <nombrecliente>Ana Esteban</nombrecliente>
            <telefono>698765432</telefono>
            <productoid>P002</productoid>
        </cliente>
    </clientes>
    <direcciones>
        <clientedireccion orden="1">
            <calle>Calle Los Pajaritos Amarillos n 12</calle>
            <ciudad>Los Ángeles</ciudad>
            <cpostal>34780</cpostal>
            <clienteid>C01</clienteid>
        </clientedireccion>
        <clientedireccion orden="1">
            <calle>Avda. Los Majuelos 122</calle>
            <ciudad>La Laguna</ciudad>
            <cpostal>38250</cpostal>
            <clienteid>C02</clienteid>
        </clientedireccion>
        <clientedireccion orden="2">
            <calle>Avda. La Libertad 305</calle>
            <ciudad>Pto de la Cruz</ciudad>
            <cpostal>34250</cpostal>
            <clienteid>C02</clienteid>
        </clientedireccion>
    </direcciones>
</catalogo>
