<?xml version="1.0" encoding="UTF-8"?>
<!DOCTYPE catalogo PUBLIC "public-id" "validacion.dtd">
<catalogo>
    <!-- Crear etiqueta de apertura-->
    <vendedores>
        <vendedor>
            <idvendedor>V01</idvendedor>
            <nombre>Julia Marrero</nombre>
            <departamento>Marketing</departamento>
        </vendedor>
        <vendedor>
            <idvendedor>V02</idvendedor>
            <nombre>José Ramos</nombre>
            <departamento>Marketing</departamento>
        </vendedor>
    </vendedores>
    <productos>
        <producto>
            <idproducto>P001</idproducto>
            <descripcion>Disco duro SSD 1TB</descripcion>
            <coste>50</coste>
            <precio>80</precio>
            <categoria>almacenamiento</categoria>
        </producto>
        <producto>
            <idproducto>P002</idproducto>
            <descripcion>Licencia Microsoft Office 365</descripcion>
            <coste>30</coste>
            <precio>60</precio>
            <categoria>software</categoria>
        </producto>
    </productos>
    <clientes>
        <cliente>
            <idcliente>C01</idcliente>
            <nombrecliente>José Rojas</nombrecliente>
            <telefono>612345678</telefono>
            <productoid>P001</productoid>
        </cliente>
        <cliente>
            <idcliente>C02</idcliente>
            <nombrecliente>Ana Esteban</nombrecliente>
            <telefono>698765432</telefono>
            <productoid>P002</productoid>
        </cliente>
    </clientes>
</catalogo>
